INSERT INTO department (id, department_name)
VALUES  (1, "Board of Directors"),
        (2, "Business Analysis"),
        (3, "Marketing"),
        (4, "HR"),
        (5, "Accounting and Finance"),
        (6, "Software Development"),
        (7, "Software Testers"),
        (8, "Graphic Design"),
        (9, "UI/UX Design");

INSERT INTO role (id, role_title, salary, department_id)
VALUES  (1, "CEO", 100000, 1),
        (2, "CFO", 100000, 1),
        (3, "Business Analyst", 70000, 2),
        (4, "Marketing Lead", 70000, 3),
        (5, "Marketing Team Member", 60000, 3),
        (6, "Marketing Intern", 40000, 3),
        (7, "HR Manager", 50000, 4),
        (8, "HR Associate", 40000, 4),
        (9, "Accounting Lead", 70000, 5),
        (10, "Accounting Assistant", 50000, 5),
        (11, "Software Lead", 90000, 6),
        (12, "Senior Software Engineer", 85000, 6),
        (13, "Junior Software Engineer", 75000, 6),
        (14, "Software Intern", 40000, 6),
        (15, "Software Tester", 50000, 7),
        (16, "Graphic Designer", 70000, 8),
        (17, "Graphic Design Intern", 40000, 8),
        (18, "UI/UX Designer", 70000, 9);

INSERT INTO employee (id, first_name, last_name, role_id, manager_id)
VALUES  (1, "Gertrude", "Peterson", 1, 1),
        (2, "Tim", "Abbott", 2, 1),
        (3, "Libbie", "Shepherd", 3, 1),
        (4, "Madeline", "Livingston", 4, 3),
        (5, "Rex", "Russell", 5, 3),
        (6, "Noah", "Cooper", 6, 3),
        (7, "Duncan", "Warren", 7, 1),
        (8, "Bryony", "Houston", 8, 7),
        (9, "Walter", "Haines", 9, 1),
        (10, "Melanie", "Khan", 10, 9),
        (11, "Phyllis", "Moon", 11, 1),
        (12, "Chesley", "Meyer", 12, 11),
        (13, "Taylor", "Payne", 13, 11),
        (14, "Dillion", "Roth", 14, 11),
        (15, "Carmen", "Evans", 15, 11),
        (16, "Kyla", "Wyatt", 16, 1),
        (17, "Liam", "Hamilton", 17, 16),
        (18, "Axel", "Roman", 18, 11);